id,Email,dob,firstName,lakstName,age
1,DavidPMcNeill@armyspy.com,11/14/1998,David,McNeill,20
2,ToddMCannon@superrito.com,2/4/2006,Todd,Cannon,20
3,LewisBClements@dayrep.com,12/24/2004,Lewis,Clements,20
4,RosemariePThomas@fleckens.hu,4/1/2005,Rosemarie,Thomas,20
5,ReubenECollins@armyspy.com,12/7/2002,Reuben,Collins,20
6,MarionEKinney@cuvox.de,3/16/1999,Marion,Kinney,20
7,BrendaFThomas@teleworm.us,4/28/2000,Brenda,Thomas,20
8,DeidreNGentry@einrot.com,7/22/2002,Deidre,Gentry,20
9,RoderickLClay@rhyta.com,1/10/2000,Roderick,Clay,20
10,MadelineDShirley@superrito.com,7/3/2001,Madeline,Shirley,20
11,NicholasMWong@superrito.com,2/28/2003,Nicholas,Wong,20
12,KennethEVargas@cuvox.de,2/11/2004,Kenneth,Vargas,20
13,RobertJHarper@armyspy.com,8/6/2004,Robert,Harper,20
14,AltonMSitz@armyspy.com,6/8/2006,Alton,Sitz,20
15,MonicaBBass@dayrep.com,8/6/2003,Monica,Bass,20
16,MaryJTopp@rhyta.com,2/14/2001,Mary,Topp,20
17,TonyaDNess@jourrapide.com,12/24/2001,Tonya,Ness,20
18,RosieDHamilton@einrot.com,3/21/2005,Rosie,Hamilton,20
19,RichardLShaw@armyspy.com,9/3/2005,Richard,Shaw,20
20,StewartCCervantes@gustr.com,11/27/2001,Stewart,Cervantes,20
21,DanielCConti@gustr.com,10/7/1998,Daniel,Conti,20
22,GrantBBrown@gustr.com,1/28/2005,Grant,Brown,20
23,SheldonCMay@gustr.com,12/2/1998,Sheldon,May,20
24,MauriceSKoerner@gustr.com,9/20/2003,Maurice,Koerner,20
25,ThomasDOConnor@rhyta.com,12/8/1999,Thomas,O'Connor,20
